guest1,guest2,code
Alice Example,Bob Example,
Carol Example,,00000000-0000-4000-8000-000000000001
Dave Example,Eve Example,00000000-0000-4000-8000-000000000002
Frank Example,,
Grace Example,Henry Example,00000000-0000-4000-8000-000000000003
Isla Example,,00000000-0000-4000-8000-000000000004
Jack Example,Kate Example,00000000-0000-4000-8000-000000000005
Liam Example,,00000000-0000-4000-8000-000000000006
Mia Example,Noah Example,00000000-0000-4000-8000-000000000007
Olivia Example,,00000000-0000-4000-8000-000000000008
